date,load_mw
2015-01-01,6292.916666666667
2015-01-02,5788.458333333333
2015-01-03,5445.458333333333
2015-01-04,5213.458333333333
2015-01-05,6765.875
2015-01-06,5949.25
2015-01-07,7276.416666666667
2015-01-08,7488.583333333333
2015-01-09,6363.583333333333
2015-01-10,5747.125
2015-01-11,5678.75
2015-01-12,7167.375
2015-01-13,7607.916666666667
2015-01-14,7761.375
2015-01-15,8262.666666666666
2015-01-16,7976.833333333333
2015-01-17,7062.875
2015-01-18,6946.583333333333
2015-01-19,6984.375
2015-01-20,7603.75
2015-01-21,6678.25
2015-01-22,6902.458333333333
2015-01-23,7068.208333333333
2015-01-24,6457.583333333333
2015-01-25,6295.583333333333
2015-01-26,7485.416666666667
2015-01-27,7330.666666666667
2015-01-28,7618.083333333333
2015-01-29,7489.75
2015-01-30,6667.666666666667
2015-01-31,6249.708333333333
2015-02-01,6967.625
2015-02-02,8496.208333333334
2015-02-03,8385.125
2015-02-04,8299.375
2015-02-05,7736.833333333333
2015-02-06,7870.833333333333
2015-02-07,7451.458333333333
2015-02-08,6948.166666666667
2015-02-09,8473.333333333334
2015-02-10,8348.083333333334
2015-02-11,8647.75
2015-02-12,8287.041666666666
2015-02-13,7961.083333333333
2015-02-14,7108.291666666667
2015-02-15,6718.25
2015-02-16,7923.041666666667
2015-02-17,7966.291666666667
2015-02-18,8305.5
2015-02-19,8120.916666666667
2015-02-20,8080.708333333333
2015-02-21,6597.5
2015-02-22,6723.583333333333
2015-02-23,8065.125
2015-02-24,8372.875
2015-02-25,8219.625
2015-02-26,8339.666666666666
2015-02-27,8174.291666666667
2015-02-28,7351.375
2015-03-01,6424.75
2015-03-02,7720.625
2015-03-03,7734.708333333333
2015-03-04,8289.791666666666
2015-03-05,8432.625
2015-03-06,8134.75
2015-03-07,7190.791666666667
2015-03-08,6355.791666666667
2015-03-09,7976.75
2015-03-10,7930.125
2015-03-11,8015.083333333333
2015-03-12,7905.791666666667
2015-03-13,7933.125
2015-03-14,6916.583333333333
2015-03-15,6341.208333333333
2015-03-16,7821.25
2015-03-17,7611.375
2015-03-18,7812.416666666667
2015-03-19,7736.083333333333
2015-03-20,7578.75
2015-03-21,6964.708333333333
2015-03-22,5996.875
2015-03-23,7408.208333333333
2015-03-24,7542.166666666667
2015-03-25,7428.041666666667
2015-03-26,7289.375
2015-03-27,6903.333333333333
2015-03-28,6388.5
2015-03-29,5805.458333333333
2015-03-30,6934.5
2015-03-31,7053.5
2015-04-01,7724.291666666667
2015-04-02,7711.833333333333
2015-04-03,6839.416666666667
2015-04-04,6624.875
2015-04-05,6154.333333333333
2015-04-06,6130.583333333333
2015-04-07,7666.416666666667
2015-04-08,7643.75
2015-04-09,7484.875
2015-04-10,6912.875
2015-04-11,5973.291666666667
2015-04-12,5322.166666666667
2015-04-13,6590.583333333333
2015-04-14,6947.541666666667
2015-04-15,6781.875
2015-04-16,6682.291666666667
2015-04-17,7155.666666666667
2015-04-18,5879.5
2015-04-19,5766.875
2015-04-20,6958.375
2015-04-21,6727.083333333333
2015-04-22,7038.5
2015-04-23,7045.916666666667
2015-04-24,6925.583333333333
2015-04-25,5909.875
2015-04-26,5260.166666666667
2015-04-27,6465.833333333333
2015-04-28,7161.708333333333
2015-04-29,7064.416666666667
2015-04-30,7326.291666666667
2015-05-01,5857.0
2015-05-02,5761.291666666667
2015-05-03,5333.541666666667
2015-05-04,6820.25
2015-05-05,6853.125
2015-05-06,6882.375
2015-05-07,6993.708333333333
2015-05-08,6684.625
2015-05-09,5174.291666666667
2015-05-10,4629.833333333333
2015-05-11,6078.5
2015-05-12,6036.541666666667
2015-05-13,5959.375
2015-05-14,4594.083333333333
2015-05-15,5628.541666666667
2015-05-16,4958.958333333333
2015-05-17,4668.5
2015-05-18,6398.791666666667
2015-05-19,6791.333333333333
2015-05-20,6862.833333333333
2015-05-21,6831.166666666667
2015-05-22,6887.708333333333
2015-05-23,6133.875
2015-05-24,5176.166666666667
2015-05-25,4841.833333333333
2015-05-26,6394.541666666667
2015-05-27,6645.0
2015-05-28,6909.541666666667
2015-05-29,6456.75
2015-05-30,5505.375
2015-05-31,4923.083333333333
2015-06-01,6800.208333333333
2015-06-02,6909.083333333333
2015-06-03,6779.166666666667
2015-06-04,5154.708333333333
2015-06-05,6078.833333333333
2015-06-06,5465.333333333333
2015-06-07,5180.791666666667
2015-06-08,6766.375
2015-06-09,6475.458333333333
2015-06-10,6601.25
2015-06-11,6943.75
2015-06-12,6420.833333333333
2015-06-13,5662.541666666667
2015-06-14,5329.25
2015-06-15,6775.041666666667
2015-06-16,6698.583333333333
2015-06-17,6924.583333333333
2015-06-18,7640.375
2015-06-19,6800.041666666667
2015-06-20,5564.833333333333
2015-06-21,4849.541666666667
2015-06-22,6546.583333333333
2015-06-23,6971.375
2015-06-24,6602.083333333333
2015-06-25,6897.458333333333
2015-06-26,6726.083333333333
2015-06-27,5921.208333333333
2015-06-28,4924.208333333333
2015-06-29,6749.875
2015-06-30,6898.291666666667
2015-07-01,6737.75
2015-07-02,6972.875
2015-07-03,6878.041666666667
2015-07-04,5965.0
2015-07-05,5531.916666666667
2015-07-06,7014.583333333333
2015-07-07,7010.291666666667
2015-07-08,7038.666666666667
2015-07-09,6865.666666666667
2015-07-10,6751.208333333333
2015-07-11,5888.125
2015-07-12,5389.041666666667
2015-07-13,6934.875
2015-07-14,7105.833333333333
2015-07-15,7023.666666666667
2015-07-16,6978.333333333333
2015-07-17,6867.708333333333
2015-07-18,5857.458333333333
2015-07-19,5565.958333333333
2015-07-20,6931.25
2015-07-21,7152.541666666667
2015-07-22,7112.708333333333
2015-07-23,6931.833333333333
2015-07-24,6839.333333333333
2015-07-25,5699.958333333333
2015-07-26,5134.333333333333
2015-07-27,6637.208333333333
2015-07-28,6274.208333333333
2015-07-29,6035.416666666667
2015-07-30,5754.625
2015-07-31,5942.666666666667
2015-08-01,5407.166666666667
2015-08-02,4583.791666666667
2015-08-03,5466.75
2015-08-04,6403.833333333333
2015-08-05,6187.458333333333
2015-08-06,6560.458333333333
2015-08-07,6191.625
2015-08-08,5140.125
2015-08-09,5447.541666666667
2015-08-10,5877.5
2015-08-11,6336.416666666667
2015-08-12,6451.333333333333
2015-08-13,6101.958333333333
2015-08-14,5779.583333333333
2015-08-15,5657.708333333333
2015-08-16,5664.375
2015-08-17,6434.541666666667
2015-08-18,6655.916666666667
2015-08-19,6748.875
2015-08-20,6760.041666666667
2015-08-21,6677.833333333333
2015-08-22,5776.375
2015-08-23,5408.125
2015-08-24,6778.041666666667
2015-08-25,6534.416666666667
2015-08-26,6897.333333333333
2015-08-27,6673.75
2015-08-28,6919.166666666667
2015-08-29,5943.583333333333
2015-08-30,5404.625
2015-08-31,6114.458333333333
2015-09-01,6292.708333333333
2015-09-02,7145.083333333333
2015-09-03,6671.75
2015-09-04,6640.916666666667
2015-09-05,5932.875
2015-09-06,5229.125
2015-09-07,6550.625
2015-09-08,7030.958333333333
2015-09-09,6607.666666666667
2015-09-10,6556.541666666667
2015-09-11,6274.708333333333
2015-09-12,5409.375
2015-09-13,5424.625
2015-09-14,6693.416666666667
2015-09-15,5576.5
2015-09-16,6261.958333333333
2015-09-17,5849.833333333333
2015-09-18,6367.25
2015-09-19,5794.75
2015-09-20,5592.75
2015-09-21,6503.833333333333
2015-09-22,6633.0
2015-09-23,6855.625
2015-09-24,5139.083333333333
2015-09-25,6266.541666666667
2015-09-26,5743.833333333333
2015-09-27,5540.416666666667
2015-09-28,7255.416666666667
2015-09-29,7221.208333333333
2015-09-30,6974.458333333333
2015-10-01,7294.333333333333
2015-10-02,7069.333333333333
2015-10-03,6057.833333333333
2015-10-04,5596.291666666667
2015-10-05,7104.75
2015-10-06,7347.041666666667
2015-10-07,7406.333333333333
2015-10-08,7297.041666666667
2015-10-09,6982.541666666667
2015-10-10,6061.416666666667
2015-10-11,5672.208333333333
2015-10-12,7278.333333333333
2015-10-13,7387.958333333333
2015-10-14,7331.958333333333
2015-10-15,7387.0
2015-10-16,7176.5
2015-10-17,6104.583333333333
2015-10-18,5683.125
2015-10-19,7254.583333333333
2015-10-20,7471.333333333333
2015-10-21,7518.5
2015-10-22,7493.333333333333
2015-10-23,7275.541666666667
2015-10-24,6123.083333333333
2015-10-25,5409.125
2015-10-26,5661.125
2015-10-27,7262.291666666667
2015-10-28,7334.375
2015-10-29,7425.708333333333
2015-10-30,7239.0
2015-10-31,6097.416666666667
2015-11-01,5626.833333333333
2015-11-02,7230.041666666667
2015-11-03,7465.041666666667
2015-11-04,7606.5
2015-11-05,7538.375
2015-11-06,7381.875
2015-11-07,6331.166666666667
2015-11-08,5735.75
2015-11-09,7489.541666666667
2015-11-10,7127.166666666667
2015-11-11,7534.416666666667
2015-11-12,7543.041666666667
2015-11-13,7462.958333333333
2015-11-14,5880.291666666667
2015-11-15,5920.916666666667
2015-11-16,7508.166666666667
2015-11-17,7693.333333333333
2015-11-18,7585.333333333333
2015-11-19,7788.625
2015-11-20,7647.541666666667
2015-11-21,6930.416666666667
2015-11-22,6618.916666666667
2015-11-23,8206.541666666666
2015-11-24,8273.25
2015-11-25,8649.458333333334
2015-11-26,8693.541666666666
2015-11-27,8484.291666666666
2015-11-28,7141.25
2015-11-29,1913.0416666666667
2015-11-30,8257.708333333334
2015-12-01,8117.5
2015-12-02,7949.916666666667
2015-12-03,8081.416666666667
2015-12-04,7604.833333333333
2015-12-05,7008.458333333333
2015-12-06,6411.125
2015-12-07,7584.625
2015-12-08,6854.583333333333
2015-12-09,8123.833333333333
2015-12-10,8307.125
2015-12-11,8331.625
2015-12-12,7381.583333333333
2015-12-13,6742.333333333333
2015-12-14,8334.541666666666
2015-12-15,8694.583333333334
2015-12-16,8665.166666666666
2015-12-17,8437.166666666666
2015-12-18,8130.458333333333
2015-12-19,7034.166666666667
2015-12-20,6613.125
2015-12-21,8055.666666666667
2015-12-22,7865.75
2015-12-23,7439.708333333333
2015-12-24,6004.708333333333
2015-12-25,2366.2083333333335
2015-12-26,6149.166666666667
2015-12-27,6185.166666666667
2015-12-28,6723.75
2015-12-29,4082.5416666666665
2015-12-30,7069.875
2015-12-31,6839.875
2016-01-01,6337.666666666667
2016-01-02,6953.708333333333
2016-01-03,6967.0
2016-01-04,8083.166666666667
2016-01-05,8199.041666666666
2016-01-06,7376.916666666667
2016-01-07,8177.208333333333
2016-01-08,7983.833333333333
2016-01-09,7184.416666666667
2016-01-10,6699.0
2016-01-11,8261.0
2016-01-12,8336.666666666666
2016-01-13,8564.25
2016-01-14,8561.125
2016-01-15,8545.5
2016-01-16,7595.083333333333
2016-01-17,7196.416666666667
2016-01-18,8852.041666666666
2016-01-19,9128.166666666666
2016-01-20,9007.166666666666
2016-01-21,9002.0
2016-01-22,8900.333333333334
2016-01-23,7958.458333333333
2016-01-24,7094.666666666667
2016-01-25,8444.333333333334
2016-01-26,8350.833333333334
2016-01-27,8330.541666666666
2016-01-28,8235.5
2016-01-29,8034.083333333333
2016-01-30,7145.875
2016-01-31,6697.916666666667
2016-02-01,8049.625
2016-02-02,8051.5
2016-02-03,8329.416666666666
2016-02-04,8387.083333333334
2016-02-05,8107.166666666667
2016-02-06,7054.541666666667
2016-02-07,6607.583333333333
2016-02-08,7967.708333333333
2016-02-09,7839.875
2016-02-10,8349.916666666666
2016-02-11,8348.208333333334
2016-02-12,8195.75
2016-02-13,7031.208333333333
2016-02-14,6615.125
2016-02-15,8143.166666666667
2016-02-16,8394.666666666666
2016-02-17,8449.708333333334
2016-02-18,8442.375
2016-02-19,8286.208333333334
2016-02-20,7152.041666666667
2016-02-21,6528.208333333333
2016-02-22,7724.958333333333
2016-02-23,8038.708333333333
2016-02-24,8102.916666666667
2016-02-25,8286.708333333334
2016-02-26,7981.625
2016-02-27,7013.75
2016-02-28,6526.333333333333
2016-02-29,8156.0
2016-03-01,8392.416666666666
2016-03-02,8205.25
2016-03-03,8416.25
2016-03-04,8037.5
2016-03-05,6983.916666666667
2016-03-06,6475.375
2016-03-07,8203.25
2016-03-08,8323.958333333334
2016-03-09,8125.0
2016-03-10,8133.833333333333
2016-03-11,8094.208333333333
2016-03-12,7066.333333333333
2016-03-13,6587.458333333333
2016-03-14,7932.375
2016-03-15,8376.791666666666
2016-03-16,8268.916666666666
2016-03-17,8008.708333333333
2016-03-18,7761.625
2016-03-19,6730.375
2016-03-20,6179.291666666667
2016-03-21,7660.25
2016-03-22,7863.208333333333
2016-03-23,7949.083333333333
2016-03-24,7986.25
2016-03-25,7626.25
2016-03-26,6662.0
2016-03-27,5827.833333333333
2016-03-28,5894.791666666667
2016-03-29,7465.875
2016-03-30,7433.333333333333
2016-03-31,7352.208333333333
2016-04-01,7361.583333333333
2016-04-02,6183.208333333333
2016-04-03,5614.541666666667
2016-04-04,7068.708333333333
2016-04-05,7129.458333333333
2016-04-06,7300.0
2016-04-07,7424.5
2016-04-08,7514.833333333333
2016-04-09,6385.041666666667
2016-04-10,5693.75
2016-04-11,7125.75
2016-04-12,7288.958333333333
2016-04-13,7188.833333333333
2016-04-14,7395.625
2016-04-15,7059.041666666667
2016-04-16,5956.916666666667
2016-04-17,5542.0
2016-04-18,7272.916666666667
2016-04-19,7180.375
2016-04-20,7060.208333333333
2016-04-21,7061.875
2016-04-22,6933.875
2016-04-23,6051.791666666667
2016-04-24,5758.791666666667
2016-04-25,7413.541666666667
2016-04-26,7431.375
2016-04-27,7746.125
2016-04-28,7594.666666666667
2016-04-29,7124.541666666667
2016-04-30,5940.125
2016-05-01,5744.666666666667
2016-05-02,7322.166666666667
2016-05-03,7250.916666666667
2016-05-04,7449.875
2016-05-05,5827.125
2016-05-06,6295.083333333333
2016-05-07,5722.125
2016-05-08,5296.666666666667
2016-05-09,6809.25
2016-05-10,7064.375
2016-05-11,7124.666666666667
2016-05-12,7354.25
2016-05-13,7146.833333333333
2016-05-14,5985.75
2016-05-15,5461.458333333333
2016-05-16,5534.708333333333
2016-05-17,7029.958333333333
2016-05-18,6960.0
2016-05-19,7164.958333333333
2016-05-20,7073.208333333333
2016-05-21,5819.625
2016-05-22,5307.916666666667
2016-05-23,6986.583333333333
2016-05-24,7227.833333333333
2016-05-25,6895.083333333333
2016-05-26,5414.5
2016-05-27,6204.083333333333
2016-05-28,5584.416666666667
2016-05-29,5256.083333333333
2016-05-30,6891.458333333333
2016-05-31,7066.916666666667
2016-06-01,7157.125
2016-06-02,7134.666666666667
2016-06-03,6878.791666666667
2016-06-04,5837.041666666667
2016-06-05,5394.5
2016-06-06,6853.708333333333
2016-06-07,6866.583333333333
2016-06-08,6976.375
2016-06-09,7182.75
2016-06-10,6825.833333333333
2016-06-11,5875.125
2016-06-12,5416.291666666667
2016-06-13,6925.041666666667
2016-06-14,6982.375
2016-06-15,7079.5
2016-06-16,7077.083333333333
2016-06-17,6839.833333333333
2016-06-18,5758.25
2016-06-19,5456.708333333333
2016-06-20,7057.208333333333
2016-06-21,6973.625
2016-06-22,7084.416666666667
2016-06-23,7159.208333333333
2016-06-24,7051.958333333333
2016-06-25,6108.583333333333
2016-06-26,5549.5
2016-06-27,7016.916666666667
2016-06-28,6910.041666666667
2016-06-29,7048.291666666667
2016-06-30,7196.291666666667
2016-07-01,6942.25
2016-07-02,6017.166666666667
2016-07-03,5335.291666666667
2016-07-04,6775.458333333333
2016-07-05,6962.083333333333
2016-07-06,6951.708333333333
2016-07-07,6932.75
2016-07-08,6857.916666666667
2016-07-09,5915.916666666667
2016-07-10,5434.875
2016-07-11,7099.916666666667
2016-07-12,7335.458333333333
2016-07-13,7156.083333333333
2016-07-14,6963.125
2016-07-15,6764.083333333333
2016-07-16,5838.416666666667
2016-07-17,5372.5
2016-07-18,6830.625
2016-07-19,6884.041666666667
2016-07-20,6904.875
2016-07-21,6978.083333333333
2016-07-22,6801.291666666667
2016-07-23,5842.958333333333
2016-07-24,5332.708333333333
2016-07-25,6792.583333333333
2016-07-26,6769.541666666667
2016-07-27,6847.291666666667
2016-07-28,6754.666666666667
2016-07-29,6533.625
2016-07-30,5694.041666666667
2016-07-31,5295.875
2016-08-01,6388.875
2016-08-02,6388.541666666667
2016-08-03,6508.458333333333
2016-08-04,6626.375
2016-08-05,6697.791666666667
2016-08-06,5659.458333333333
2016-08-07,5170.291666666667
2016-08-08,6500.458333333333
2016-08-09,6803.875
2016-08-10,6801.875
2016-08-11,6566.791666666667
2016-08-12,6562.25
2016-08-13,5636.916666666667
2016-08-14,5114.5
2016-08-15,5306.541666666667
2016-08-16,6714.125
2016-08-17,6769.916666666667
2016-08-18,6875.791666666667
2016-08-19,6790.541666666667
2016-08-20,5863.208333333333
2016-08-21,5519.041666666667
2016-08-22,6859.0
2016-08-23,6846.125
2016-08-24,7006.208333333333
2016-08-25,7043.291666666667
2016-08-26,6894.375
2016-08-27,5861.375
2016-08-28,5451.291666666667
2016-08-29,7173.291666666667
2016-08-30,7091.041666666667
2016-08-31,7055.958333333333
2016-09-01,7145.375
2016-09-02,7021.625
2016-09-03,5946.75
2016-09-04,5556.458333333333
2016-09-05,7076.833333333333
2016-09-06,7308.333333333333
2016-09-07,7142.0
2016-09-08,7180.791666666667
2016-09-09,7007.583333333333
2016-09-10,5964.541666666667
2016-09-11,5501.208333333333
2016-09-12,7126.583333333333
2016-09-13,7199.875
2016-09-14,7259.041666666667
2016-09-15,7294.041666666667
2016-09-16,7129.833333333333
2016-09-17,6121.291666666667
2016-09-18,5582.833333333333
2016-09-19,7209.875
2016-09-20,7246.625
2016-09-21,7243.375
2016-09-22,7195.208333333333
2016-09-23,7006.083333333333
2016-09-24,5903.541666666667
2016-09-25,5467.791666666667
2016-09-26,7015.791666666667
2016-09-27,7175.875
2016-09-28,7234.916666666667
2016-09-29,7233.791666666667
2016-09-30,6969.75
2016-10-01,5999.916666666667
2016-10-02,5822.541666666667
2016-10-03,7220.041666666667
2016-10-04,7572.125
2016-10-05,7546.0
2016-10-06,7677.166666666667
2016-10-07,7512.291666666667
2016-10-08,6511.583333333333
2016-10-09,5981.583333333333
2016-10-10,7698.541666666667
2016-10-11,7840.916666666667
2016-10-12,7935.375
2016-10-13,7841.0
2016-10-14,7552.541666666667
2016-10-15,6382.375
2016-10-16,5813.75
2016-10-17,7662.875
2016-10-18,7799.916666666667
2016-10-19,7861.833333333333
2016-10-20,7877.708333333333
2016-10-21,7715.083333333333
2016-10-22,6477.666666666667
2016-10-23,6063.875
2016-10-24,7563.666666666667
2016-10-25,7627.291666666667
2016-10-26,6287.958333333333
2016-10-27,7546.375
2016-10-28,7434.208333333333
2016-10-29,6440.375
2016-10-30,5948.625
2016-10-31,6984.125
2016-11-01,6081.666666666667
2016-11-02,7706.666666666667
2016-11-03,7974.958333333333
2016-11-04,7891.916666666667
2016-11-05,6864.083333333333
2016-11-06,6566.625
2016-11-07,8361.041666666666
2016-11-08,8609.041666666666
2016-11-09,8635.166666666666
2016-11-10,8480.625
2016-11-11,8372.75
2016-11-12,7508.375
2016-11-13,7063.625
2016-11-14,8597.166666666666
2016-11-15,8564.666666666666
2016-11-16,8420.208333333334
2016-11-17,8308.25
2016-11-18,8043.416666666667
2016-11-19,7104.916666666667
2016-11-20,6511.583333333333
2016-11-21,7925.583333333333
2016-11-22,8029.583333333333
2016-11-23,8132.666666666667
2016-11-24,8133.333333333333
2016-11-25,8035.125
2016-11-26,6959.0
2016-11-27,6532.458333333333
2016-11-28,8661.791666666666
2016-11-29,8950.708333333334
2016-11-30,8760.125
2016-12-01,8603.916666666666
2016-12-02,8441.125
2016-12-03,7492.0
2016-12-04,7126.166666666667
2016-12-05,8775.0
2016-12-06,8813.333333333334
2016-12-07,8770.333333333334
2016-12-08,7411.333333333333
2016-12-09,7901.25
2016-12-10,7154.208333333333
2016-12-11,6825.333333333333
2016-12-12,8511.583333333334
2016-12-13,8716.25
2016-12-14,8576.416666666666
2016-12-15,8684.416666666666
2016-12-16,8694.666666666666
2016-12-17,7681.708333333333
2016-12-18,7138.833333333333
2016-12-19,8767.958333333334
2016-12-20,8910.083333333334
2016-12-21,8745.916666666666
2016-12-22,8587.416666666666
2016-12-23,7968.791666666667
2016-12-24,6806.666666666667
2016-12-25,6402.75
2016-12-26,6395.083333333333
2016-12-27,7294.916666666667
2016-12-28,7369.583333333333
2016-12-29,7585.041666666667
2016-12-30,7544.25
2016-12-31,6956.291666666667
2017-01-01,6657.083333333333
2017-01-02,8015.375
2017-01-03,8260.625
2017-01-04,8377.333333333334
2017-01-05,8329.5
2017-01-06,7667.75
2017-01-07,7876.625
2017-01-08,7464.708333333333
2017-01-09,8861.958333333334
2017-01-10,9160.291666666666
2017-01-11,9241.333333333334
2017-01-12,8923.625
2017-01-13,8916.25
2017-01-14,7883.416666666667
2017-01-15,7320.5
2017-01-16,8900.875
2017-01-17,9150.833333333334
2017-01-18,9198.833333333334
2017-01-19,9225.75
2017-01-20,9112.333333333334
2017-01-21,8179.75
2017-01-22,7592.041666666667
2017-01-23,9076.666666666666
2017-01-24,9315.041666666666
2017-01-25,9251.916666666666
2017-01-26,9202.958333333334
2017-01-27,9024.583333333334
2017-01-28,8071.625
2017-01-29,7627.25
2017-01-30,9224.0
2017-01-31,9209.458333333334
2017-02-01,9094.5
2017-02-02,8979.791666666666
2017-02-03,8665.75
2017-02-04,7476.833333333333
2017-02-05,6882.416666666667
2017-02-06,8639.458333333334
2017-02-07,8544.0
2017-02-08,8734.375
2017-02-09,8833.0
2017-02-10,8654.916666666666
2017-02-11,7646.541666666667
2017-02-12,7187.083333333333
2017-02-13,8538.0
2017-02-14,8563.0
2017-02-15,8504.25
2017-02-16,8460.541666666666
2017-02-17,8519.125
2017-02-18,7425.875
2017-02-19,6897.541666666667
2017-02-20,8316.625
2017-02-21,8367.583333333334
2017-02-22,8282.208333333334
2017-02-23,8078.875
2017-02-24,8171.166666666667
2017-02-25,7083.083333333333
2017-02-26,6761.125
2017-02-27,8071.5
2017-02-28,8207.041666666666
2017-03-01,8225.0
2017-03-02,8259.708333333334
2017-03-03,7937.625
2017-03-04,6708.5
2017-03-05,6359.5
2017-03-06,7953.166666666667
2017-03-07,8171.583333333333
2017-03-08,8075.5
2017-03-09,8114.0
2017-03-10,8022.791666666667
2017-03-11,6842.916666666667
2017-03-12,6386.208333333333
2017-03-13,7845.125
2017-03-14,8000.833333333333
2017-03-15,7938.25
2017-03-16,7743.125
2017-03-17,7535.791666666667
2017-03-18,6834.583333333333
2017-03-19,6239.583333333333
2017-03-20,7473.833333333333
2017-03-21,7518.166666666667
2017-03-22,7767.916666666667
2017-03-23,7683.833333333333
2017-03-24,7602.791666666667
2017-03-25,6423.666666666667
2017-03-26,5969.375
2017-03-27,7410.416666666667
2017-03-28,7458.208333333333
2017-03-29,7436.791666666667
2017-03-30,7436.083333333333
2017-03-31,7096.708333333333
2017-04-01,6129.625
2017-04-02,5591.958333333333
2017-04-03,7185.375
2017-04-04,7399.541666666667
2017-04-05,7519.916666666667
2017-04-06,7648.791666666667
2017-04-07,7501.625
2017-04-08,6243.875
2017-04-09,5666.791666666667
2017-04-10,7083.708333333333
2017-04-11,7332.375
2017-04-12,7353.291666666667
2017-04-13,7475.208333333333
2017-04-14,7043.625
2017-04-15,6057.791666666667
2017-04-16,5554.625
2017-04-17,5785.875
2017-04-18,7480.875
2017-04-19,7916.208333333333
2017-04-20,7850.416666666667
2017-04-21,7508.791666666667
2017-04-22,6489.458333333333
2017-04-23,5876.75
2017-04-24,7186.25
2017-04-25,7178.041666666667
2017-04-26,7436.333333333333
2017-04-27,7690.916666666667
2017-04-28,7640.375
2017-04-29,6211.541666666667
2017-04-30,5534.916666666667
2017-05-01,5674.0
2017-05-02,7093.958333333333
2017-05-03,7336.291666666667
2017-05-04,7250.875
2017-05-05,7197.291666666667
2017-05-06,5948.75
2017-05-07,5629.166666666667
2017-05-08,7176.333333333333
2017-05-09,7351.916666666667
2017-05-10,7106.583333333333
2017-05-11,7046.208333333333
2017-05-12,6939.333333333333
2017-05-13,5932.958333333333
2017-05-14,5385.25
2017-05-15,7009.333333333333
2017-05-16,7007.5
2017-05-17,6927.166666666667
2017-05-18,7019.625
2017-05-19,6895.291666666667
2017-05-20,5914.166666666667
2017-05-21,5417.666666666667
2017-05-22,6814.125
2017-05-23,6961.708333333333
2017-05-24,7059.875
2017-05-25,5622.666666666667
2017-05-26,6245.458333333333
2017-05-27,5695.0
2017-05-28,5241.083333333333
2017-05-29,6833.166666666667
2017-05-30,7096.0
2017-05-31,7162.166666666667
2017-06-01,7084.958333333333
2017-06-02,6945.083333333333
2017-06-03,5804.375
2017-06-04,5351.708333333333
2017-06-05,5398.25
2017-06-06,7114.166666666667
2017-06-07,7069.958333333333
2017-06-08,6944.75
2017-06-09,6903.833333333333
2017-06-10,5839.916666666667
2017-06-11,5341.166666666667
2017-06-12,7189.875
2017-06-13,7219.166666666667
2017-06-14,7139.541666666667
2017-06-15,5715.0
2017-06-16,6570.666666666667
2017-06-17,5699.583333333333
2017-06-18,5272.208333333333
2017-06-19,6961.708333333333
2017-06-20,7212.75
2017-06-21,7372.5
2017-06-22,7354.291666666667
2017-06-23,7292.166666666667
2017-06-24,6148.5
2017-06-25,5699.625
2017-06-26,7154.791666666667
2017-06-27,7384.0
2017-06-28,7455.375
2017-06-29,7397.208333333333
2017-06-30,7045.208333333333
2017-07-01,6013.166666666667
2017-07-02,5556.833333333333
2017-07-03,7075.166666666667
2017-07-04,7173.75
2017-07-05,7235.333333333333
2017-07-06,7225.75
2017-07-07,7146.666666666667
2017-07-08,6126.708333333333
2017-07-09,5640.958333333333
2017-07-10,7227.833333333333
2017-07-11,7228.916666666667
2017-07-12,7247.0
2017-07-13,6993.583333333333
2017-07-14,6861.083333333333
2017-07-15,5812.25
2017-07-16,5273.708333333333
2017-07-17,6794.416666666667
2017-07-18,7030.916666666667
2017-07-19,7099.875
2017-07-20,7143.875
2017-07-21,6892.666666666667
2017-07-22,5923.708333333333
2017-07-23,5435.541666666667
2017-07-24,6938.75
2017-07-25,6699.875
2017-07-26,6787.541666666667
2017-07-27,6772.791666666667
2017-07-28,6640.0
2017-07-29,5681.75
2017-07-30,5319.208333333333
2017-07-31,6676.541666666667
2017-08-01,6887.625
2017-08-02,6986.541666666667
2017-08-03,6971.625
2017-08-04,6901.125
2017-08-05,6011.041666666667
2017-08-06,5536.0
2017-08-07,6561.5
2017-08-08,6750.041666666667
2017-08-09,6864.958333333333
2017-08-10,6984.166666666667
2017-08-11,6672.958333333333
2017-08-12,5685.5
2017-08-13,5171.666666666667
2017-08-14,6196.916666666667
2017-08-15,5471.041666666667
2017-08-16,6799.541666666667
2017-08-17,6941.875
2017-08-18,6844.5
2017-08-19,6030.833333333333
2017-08-20,5339.0
2017-08-21,6716.0
2017-08-22,6822.416666666667
2017-08-23,6865.5
2017-08-24,7016.0
2017-08-25,6981.708333333333
2017-08-26,6008.291666666667
2017-08-27,5538.041666666667
2017-08-28,7073.291666666667
2017-08-29,7034.458333333333
2017-08-30,7178.166666666667
2017-08-31,7374.25
2017-09-01,7207.291666666667
2017-09-02,6089.375
2017-09-03,5630.916666666667
2017-09-04,6956.083333333333
2017-09-05,7213.583333333333
2017-09-06,7387.458333333333
2017-09-07,7259.291666666667
2017-09-08,7038.0
2017-09-09,6040.5
2017-09-10,5725.75
2017-09-11,7313.458333333333
2017-09-12,7436.625
2017-09-13,7368.833333333333
2017-09-14,7416.416666666667
2017-09-15,7186.333333333333
2017-09-16,6306.666666666667
2017-09-17,5887.791666666667
2017-09-18,7294.208333333333
2017-09-19,7711.375
2017-09-20,7677.125
2017-09-21,7541.458333333333
2017-09-22,7295.375
2017-09-23,6138.416666666667
2017-09-24,5750.375
2017-09-25,7308.791666666667
2017-09-26,7454.291666666667
2017-09-27,7430.458333333333
2017-09-28,7338.166666666667
2017-09-29,7197.25
2017-09-30,6171.083333333333
2017-10-01,5812.291666666667
2017-10-02,7285.916666666667
2017-10-03,7595.625
2017-10-04,7403.041666666667
2017-10-05,7414.083333333333
2017-10-06,7409.625
2017-10-07,6322.625
2017-10-08,5877.375
2017-10-09,7448.5
2017-10-10,7414.583333333333
2017-10-11,7366.166666666667
2017-10-12,7416.041666666667
2017-10-13,7273.166666666667
2017-10-14,6135.416666666667
2017-10-15,5614.458333333333
2017-10-16,7274.333333333333
2017-10-17,7317.208333333333
2017-10-18,7436.125
2017-10-19,7435.291666666667
2017-10-20,7311.583333333333
2017-10-21,6330.541666666667
2017-10-22,6095.458333333333
2017-10-23,7836.583333333333
2017-10-24,7784.041666666667
2017-10-25,7563.166666666667
2017-10-26,6122.75
2017-10-27,7177.541666666667
2017-10-28,6550.958333333333
2017-10-29,6148.625
2017-10-30,7842.458333333333
2017-10-31,7835.291666666667
2017-11-01,6494.5
2017-11-02,7649.458333333333
2017-11-03,7627.458333333333
2017-11-04,6715.0
2017-11-05,6186.583333333333
2017-11-06,8178.791666666667
2017-11-07,8092.375
2017-11-08,8216.875
2017-11-09,8221.208333333334
2017-11-10,8117.958333333333
2017-11-11,7000.125
2017-11-12,6496.875
2017-11-13,8523.25
2017-11-14,8605.375
2017-11-15,8650.75
2017-11-16,8509.583333333334
2017-11-17,8421.125
2017-11-18,7378.625
2017-11-19,7118.625
2017-11-20,8654.416666666666
2017-11-21,8417.583333333334
2017-11-22,8276.041666666666
2017-11-23,8419.5
2017-11-24,8207.708333333334
2017-11-25,7262.75
2017-11-26,7228.125
2017-11-27,8876.25
2017-11-28,8755.0
2017-11-29,8867.708333333334
2017-11-30,9078.25
2017-12-01,8917.0
2017-12-02,7938.5
2017-12-03,7545.958333333333
2017-12-04,9056.083333333334
2017-12-05,8893.0
2017-12-06,8830.875
2017-12-07,8761.875
2017-12-08,7606.875
2017-12-09,7824.916666666667
2017-12-10,7357.125
2017-12-11,8569.708333333334
2017-12-12,8647.625
2017-12-13,8798.75
2017-12-14,8791.958333333334
2017-12-15,8578.166666666666
2017-12-16,7609.958333333333
2017-12-17,7270.75
2017-12-18,8869.541666666666
2017-12-19,8903.5
2017-12-20,8746.625
2017-12-21,8625.041666666666
2017-12-22,7965.791666666667
2017-12-23,7068.041666666667
2017-12-24,6360.666666666667
2017-12-25,6312.708333333333
2017-12-26,6589.166666666667
2017-12-27,7310.041666666667
2017-12-28,7454.041666666667
2017-12-29,7472.375
2017-12-30,7162.416666666667
2017-12-31,6471.958333333333
2018-01-01,6491.666666666667
2018-01-02,7729.583333333333
2018-01-03,8098.666666666667
2018-01-04,8070.75
2018-01-05,7755.583333333333
2018-01-06,6722.375
2018-01-07,6695.458333333333
2018-01-08,8226.166666666666
2018-01-09,8293.166666666666
2018-01-10,8388.25
2018-01-11,8390.5
2018-01-12,8402.791666666666
2018-01-13,7518.458333333333
2018-01-14,7177.166666666667
2018-01-15,8762.083333333334
2018-01-16,8776.25
2018-01-17,8806.625
2018-01-18,8678.291666666666
2018-01-19,8556.458333333334
2018-01-20,7509.791666666667
2018-01-21,7066.125
2018-01-22,8684.583333333334
2018-01-23,8605.708333333334
2018-01-24,8595.458333333334
2018-01-25,8573.75
2018-01-26,8458.75
2018-01-27,7460.916666666667
2018-01-28,6956.458333333333
2018-01-29,8217.0
2018-01-30,8323.416666666666
2018-01-31,8373.25
2018-02-01,8511.166666666666
2018-02-02,8462.291666666666
2018-02-03,7434.083333333333
2018-02-04,6914.375
2018-02-05,8574.916666666666
2018-02-06,8636.583333333334
2018-02-07,8766.291666666666
2018-02-08,8740.083333333334
2018-02-09,8547.791666666666
2018-02-10,7546.5
2018-02-11,7044.0
2018-02-12,8609.125
2018-02-13,8613.041666666666
2018-02-14,8757.791666666666
2018-02-15,8806.041666666666
2018-02-16,8543.541666666666
2018-02-17,7482.625
2018-02-18,7038.833333333333
2018-02-19,8508.958333333334
2018-02-20,8750.666666666666
2018-02-21,8825.791666666666
2018-02-22,8911.791666666666
2018-02-23,8759.166666666666
2018-02-24,7883.333333333333
2018-02-25,7500.291666666667
2018-02-26,9299.458333333334
2018-02-27,9497.25
2018-02-28,9431.083333333334
2018-03-01,9432.416666666666
2018-03-02,9280.625
2018-03-03,7993.208333333333
2018-03-04,7330.333333333333
2018-03-05,8802.291666666666
2018-03-06,8830.25
2018-03-07,8561.0
2018-03-08,8369.083333333334
2018-03-09,8244.833333333334
2018-03-10,7033.0
2018-03-11,6515.791666666667
2018-03-12,7972.833333333333
2018-03-13,8017.916666666667
2018-03-14,8151.0
2018-03-15,8263.875
2018-03-16,8053.708333333333
2018-03-17,7383.75
2018-03-18,7094.166666666667
2018-03-19,8677.083333333334
2018-03-20,8783.708333333334
2018-03-21,8698.833333333334
2018-03-22,8439.208333333334
2018-03-23,8438.208333333334
2018-03-24,7132.875
2018-03-25,6596.458333333333
2018-03-26,8169.958333333333
2018-03-27,8205.875
2018-03-28,8186.875
2018-03-29,8212.041666666666
2018-03-30,7689.208333333333
2018-03-31,6654.583333333333
2018-04-01,6134.333333333333
2018-04-02,6058.75
2018-04-03,7433.666666666667
2018-04-04,7530.458333333333
2018-04-05,7827.041666666667
2018-04-06,7493.666666666667
2018-04-07,6347.208333333333
2018-04-08,5773.625
2018-04-09,7251.75
2018-04-10,7377.208333333333
2018-04-11,7291.416666666667
2018-04-12,7280.416666666667
2018-04-13,7106.875
2018-04-14,5953.916666666667
2018-04-15,5536.875
2018-04-16,7221.75
2018-04-17,7146.708333333333
2018-04-18,7085.958333333333
2018-04-19,7074.125
2018-04-20,6871.083333333333
2018-04-21,5825.416666666667
2018-04-22,5367.708333333333
2018-04-23,6996.333333333333
2018-04-24,7055.166666666667
2018-04-25,7069.583333333333
2018-04-26,7380.291666666667
2018-04-27,6893.708333333333
2018-04-28,5786.041666666667
2018-04-29,5272.375
2018-04-30,6452.541666666667
2018-05-01,5613.416666666667
2018-05-02,6952.958333333333
2018-05-03,7034.125
2018-05-04,7017.416666666667
2018-05-05,5925.125
2018-05-06,5330.833333333333
2018-05-07,6865.708333333333
2018-05-08,6979.916666666667
2018-05-09,6977.208333333333
2018-05-10,5744.041666666667
2018-05-11,6437.25
2018-05-12,5755.75
2018-05-13,5333.166666666667
2018-05-14,7064.875
2018-05-15,7293.833333333333
2018-05-16,7240.25
2018-05-17,7289.958333333333
2018-05-18,6978.166666666667
2018-05-19,5829.875
2018-05-20,5341.5
2018-05-21,5512.166666666667
2018-05-22,7022.125
2018-05-23,7144.958333333333
2018-05-24,7256.708333333333
2018-05-25,7167.125
2018-05-26,5962.833333333333
2018-05-27,5564.75
2018-05-28,7172.416666666667
2018-05-29,7322.458333333333
2018-05-30,7230.583333333333
2018-05-31,5770.958333333333
2018-06-01,6610.625
2018-06-02,5847.875
2018-06-03,5400.416666666667
2018-06-04,7131.0
2018-06-05,7199.458333333333
2018-06-06,7214.916666666667
2018-06-07,7257.125
2018-06-08,7229.291666666667
2018-06-09,6113.125
2018-06-10,5608.916666666667
2018-06-11,7356.583333333333
2018-06-12,7413.625
2018-06-13,7444.5
2018-06-14,7224.875
2018-06-15,6931.75
2018-06-16,5907.625
2018-06-17,5562.166666666667
2018-06-18,7166.041666666667
2018-06-19,7237.583333333333
2018-06-20,7298.833333333333
2018-06-21,7500.041666666667
2018-06-22,7194.333333333333
2018-06-23,5964.875
2018-06-24,5500.708333333333
2018-06-25,7109.583333333333
2018-06-26,7166.375
2018-06-27,7172.958333333333
2018-06-28,7429.458333333333
2018-06-29,7172.208333333333
2018-06-30,5904.0
2018-07-01,5212.083333333333
2018-07-02,6779.708333333333
2018-07-03,6936.458333333333
2018-07-04,7025.25
2018-07-05,7051.916666666667
2018-07-06,6905.291666666667
2018-07-07,5760.25
2018-07-08,5250.166666666667
2018-07-09,6857.333333333333
2018-07-10,6956.666666666667
2018-07-11,6885.75
2018-07-12,6895.208333333333
2018-07-13,6729.0
2018-07-14,5678.75
2018-07-15,5258.875
2018-07-16,6744.583333333333
2018-07-17,6870.25
2018-07-18,6878.125
2018-07-19,6892.291666666667
2018-07-20,6713.916666666667
2018-07-21,5713.916666666667
2018-07-22,5244.916666666667
2018-07-23,6709.791666666667
2018-07-24,6779.166666666667
2018-07-25,6803.708333333333
2018-07-26,6845.708333333333
2018-07-27,6681.5
2018-07-28,5640.916666666667
2018-07-29,5226.041666666667
2018-07-30,6674.833333333333
2018-07-31,6816.333333333333
2018-08-01,7119.125
2018-08-02,7228.75
2018-08-03,6979.833333333333
2018-08-04,6023.583333333333
2018-08-05,5636.75
2018-08-06,6857.458333333333
2018-08-07,6987.125
2018-08-08,7031.708333333333
2018-08-09,7106.0
2018-08-10,6992.625
2018-08-11,5894.583333333333
2018-08-12,5450.583333333333
2018-08-13,6942.958333333333
2018-08-14,7004.916666666667
2018-08-15,5682.166666666667
2018-08-16,6753.458333333333
2018-08-17,6769.0
2018-08-18,5967.125
2018-08-19,5581.458333333333
2018-08-20,7238.958333333333
2018-08-21,7325.583333333333
2018-08-22,7372.125
2018-08-23,7474.416666666667
2018-08-24,7264.375
2018-08-25,6181.0
2018-08-26,5646.5
2018-08-27,6975.0
2018-08-28,7154.083333333333
2018-08-29,7239.333333333333
2018-08-30,7437.166666666667
2018-08-31,7157.583333333333
2018-09-01,6204.083333333333
2018-09-02,5644.583333333333
2018-09-03,7196.458333333333
2018-09-04,7293.083333333333
2018-09-05,7227.75
2018-09-06,7175.875
2018-09-07,7178.166666666667
2018-09-08,6096.375
2018-09-09,5612.0
2018-09-10,7180.125
2018-09-11,7336.125
2018-09-12,7379.833333333333
2018-09-13,7499.125
2018-09-14,7390.916666666667
2018-09-15,6171.041666666667
2018-09-16,5661.125
2018-09-17,7303.916666666667
2018-09-18,7442.625
2018-09-19,7460.916666666667
2018-09-20,7427.291666666667
2018-09-21,7293.875
2018-09-22,6237.541666666667
2018-09-23,5768.416666666667
2018-09-24,7397.166666666667
2018-09-25,7394.291666666667
2018-09-26,7463.416666666667
2018-09-27,7455.5
2018-09-28,7204.666666666667
2018-09-29,6217.458333333333
2018-09-30,5738.916666666667
2018-10-01,7542.375
2018-10-02,7581.541666666667
2018-10-03,7620.791666666667
2018-10-04,7435.875
2018-10-05,7301.166666666667
2018-10-06,6295.291666666667
2018-10-07,5867.333333333333
2018-10-08,7360.166666666667
2018-10-09,7424.083333333333
2018-10-10,7494.916666666667
2018-10-11,7503.833333333333
2018-10-12,7334.791666666667
2018-10-13,6287.083333333333
2018-10-14,5828.208333333333
2018-10-15,7489.166666666667
2018-10-16,7495.583333333333
2018-10-17,7630.5
2018-10-18,7636.083333333333
2018-10-19,7395.708333333333
2018-10-20,6389.625
2018-10-21,6079.708333333333
2018-10-22,7632.041666666667
2018-10-23,7846.833333333333
2018-10-24,8032.125
2018-10-25,7647.375
2018-10-26,6041.708333333333
2018-10-27,6395.0
2018-10-28,6171.5
2018-10-29,7626.791666666667
2018-10-30,7602.083333333333
2018-10-31,7582.583333333333
2018-11-01,6250.958333333333
2018-11-02,6924.458333333333
2018-11-03,6423.708333333333
2018-11-04,5966.625
2018-11-05,7596.75
2018-11-06,7650.25
2018-11-07,7664.458333333333
2018-11-08,7800.958333333333
2018-11-09,7670.5
2018-11-10,6635.666666666667
2018-11-11,6052.541666666667
2018-11-12,7739.0
2018-11-13,7926.875
2018-11-14,7887.458333333333
2018-11-15,7998.75
2018-11-16,8012.125
2018-11-17,7205.208333333333
2018-11-18,6989.333333333333
2018-11-19,8936.041666666666
2018-11-20,8751.875
2018-11-21,8567.583333333334
2018-11-22,8530.791666666666
2018-11-23,8413.083333333334
2018-11-24,7234.083333333333
2018-11-25,6784.833333333333
2018-11-26,8747.291666666666
2018-11-27,9105.916666666666
2018-11-28,9168.375
2018-11-29,9128.208333333334
2018-11-30,8819.583333333334
2018-12-01,7651.416666666667
2018-12-02,7118.291666666667
2018-12-03,8512.625
2018-12-04,8466.541666666666
2018-12-05,8551.541666666666
2018-12-06,8629.333333333334
2018-12-07,8212.375
2018-12-08,7127.25
2018-12-09,6857.791666666667
2018-12-10,8661.291666666666
2018-12-11,9110.5
2018-12-12,9262.583333333334
2018-12-13,9382.625
2018-12-14,9199.583333333334
2018-12-15,8134.625
2018-12-16,7581.125
2018-12-17,9015.041666666666
2018-12-18,8967.083333333334
2018-12-19,8882.75
2018-12-20,8622.708333333334
2018-12-21,8121.208333333333
2018-12-22,7133.333333333333
2018-12-23,6652.541666666667
2018-12-24,6678.5
2018-12-25,6548.208333333333
2018-12-26,6594.416666666667
2018-12-27,7178.875
2018-12-28,7216.541666666667
2018-12-29,7060.291666666667
2018-12-30,6715.291666666667
2018-12-31,6792.041666666667
2019-01-01,6489.0
2019-01-02,7771.416666666667
2019-01-03,8160.875
2019-01-04,8231.291666666666
2019-01-05,7616.458333333333
2019-01-06,7040.416666666667
2019-01-07,8526.375
2019-01-08,8777.583333333334
2019-01-09,8811.833333333334
2019-01-10,8887.458333333334
2019-01-11,8808.625
2019-01-12,7779.041666666667
2019-01-13,7169.5
2019-01-14,8625.791666666666
2019-01-15,8791.916666666666
2019-01-16,8688.5
2019-01-17,8686.166666666666
2019-01-18,8612.333333333334
2019-01-19,7778.166666666667
2019-01-20,7308.75
2019-01-21,8884.833333333334
2019-01-22,9177.291666666666
2019-01-23,9289.5
2019-01-24,9214.458333333334
2019-01-25,9066.583333333334
2019-01-26,8017.583333333333
2019-01-27,7279.791666666667
2019-01-28,8824.208333333334
2019-01-29,8876.041666666666
2019-01-30,8886.541666666666
2019-01-31,8947.125
2019-02-01,8678.875
2019-02-02,7401.458333333333
2019-02-03,7076.666666666667
2019-02-04,8550.666666666666
2019-02-05,8695.583333333334
2019-02-06,8817.041666666666
2019-02-07,8907.125
2019-02-08,8519.5
2019-02-09,7482.666666666667
2019-02-10,6987.166666666667
2019-02-11,8684.5
2019-02-12,8796.833333333334
2019-02-13,8577.208333333334
2019-02-14,8432.333333333334
2019-02-15,8214.208333333334
2019-02-16,7193.625
2019-02-17,6663.291666666667
2019-02-18,8208.5
2019-02-19,8167.208333333333
2019-02-20,8296.958333333334
2019-02-21,8239.666666666666
2019-02-22,8277.916666666666
2019-02-23,7309.125
2019-02-24,6937.625
2019-02-25,8212.083333333334
2019-02-26,8214.333333333334
2019-02-27,8064.083333333333
2019-02-28,7978.541666666667
2019-03-01,7924.708333333333
2019-03-02,7089.166666666667
2019-03-03,6421.375
2019-03-04,7945.5
2019-03-05,7978.875
2019-03-06,8006.041666666667
2019-03-07,8093.166666666667
2019-03-08,8014.458333333333
2019-03-09,6970.041666666667
2019-03-10,6420.75
2019-03-11,8124.0
2019-03-12,8220.25
2019-03-13,8383.041666666666
2019-03-14,8333.75
2019-03-15,8180.541666666667
2019-03-16,6977.625
2019-03-17,6250.041666666667
2019-03-18,8108.583333333333
2019-03-19,8089.416666666667
2019-03-20,8023.875
2019-03-21,7938.958333333333
2019-03-22,7619.583333333333
2019-03-23,6491.041666666667
2019-03-24,5946.791666666667
2019-03-25,7844.75
2019-03-26,7903.291666666667
2019-03-27,8000.541666666667
2019-03-28,7836.083333333333
2019-03-29,7462.833333333333
2019-03-30,6377.708333333333
2019-03-31,5848.083333333333
2019-04-01,7318.208333333333
2019-04-02,7407.541666666667
2019-04-03,7291.791666666667
2019-04-04,7330.625
2019-04-05,7279.458333333333
2019-04-06,6147.208333333333
2019-04-07,5720.958333333333
2019-04-08,7244.291666666667
2019-04-09,7324.375
2019-04-10,7311.791666666667
2019-04-11,7302.541666666667
2019-04-12,7304.041666666667
2019-04-13,6235.208333333333
2019-04-14,5822.208333333333
2019-04-15,7240.541666666667
2019-04-16,7276.958333333333
2019-04-17,7141.458333333333
2019-04-18,7028.0
2019-04-19,6885.041666666667
2019-04-20,5784.916666666667
2019-04-21,5347.875
2019-04-22,5488.208333333333
2019-04-23,7074.041666666667
2019-04-24,6862.625
2019-04-25,6830.083333333333
2019-04-26,6980.333333333333
2019-04-27,6078.916666666667
2019-04-28,5736.291666666667
2019-04-29,7175.291666666667
2019-04-30,7290.375
2019-05-01,5908.416666666667
2019-05-02,7028.375
2019-05-03,7227.041666666667
2019-05-04,6232.333333333333
2019-05-05,6084.75
2019-05-06,7527.208333333333
2019-05-07,7333.416666666667
2019-05-08,7278.75
2019-05-09,7488.458333333333
2019-05-10,7155.25
2019-05-11,6136.625
2019-05-12,5934.333333333333
2019-05-13,7514.541666666667
2019-05-14,7569.541666666667
2019-05-15,7885.5
2019-05-16,7574.083333333333
2019-05-17,7092.666666666667
2019-05-18,5961.75
2019-05-19,5547.208333333333
2019-05-20,7332.416666666667
2019-05-21,7499.083333333333
2019-05-22,7546.458333333333
2019-05-23,7309.333333333333
2019-05-24,6912.583333333333
2019-05-25,5871.75
2019-05-26,5468.333333333333
2019-05-27,7283.5
2019-05-28,7402.958333333333
2019-05-29,7475.166666666667
2019-05-30,5918.5
2019-05-31,6413.916666666667
2019-06-01,5672.166666666667
2019-06-02,5282.333333333333
2019-06-03,6958.958333333333
2019-06-04,7060.416666666667
2019-06-05,7169.708333333333
2019-06-06,7289.333333333333
2019-06-07,6947.208333333333
2019-06-08,5834.541666666667
2019-06-09,5195.75
2019-06-10,5554.25
2019-06-11,7203.958333333333
2019-06-12,7365.666666666667
2019-06-13,7296.333333333333
2019-06-14,7253.583333333333
2019-06-15,6218.0
2019-06-16,5610.875
2019-06-17,7149.5
2019-06-18,7239.583333333333
2019-06-19,7287.25
2019-06-20,5803.416666666667
2019-06-21,6550.958333333333
2019-06-22,5971.958333333333
2019-06-23,5532.0
2019-06-24,7062.291666666667
2019-06-25,7312.041666666667
2019-06-26,7463.708333333333
2019-06-27,7657.958333333333
2019-06-28,7052.0
2019-06-29,5941.333333333333
2019-06-30,5646.791666666667
2019-07-01,7426.125
2019-07-02,7399.333333333333
2019-07-03,7172.333333333333
2019-07-04,7100.25
2019-07-05,7049.458333333333
2019-07-06,6025.75
2019-07-07,5588.166666666667
2019-07-08,6983.833333333333
2019-07-09,7024.25
2019-07-10,6896.625
2019-07-11,6956.333333333333
2019-07-12,6887.541666666667
2019-07-13,5888.708333333333
2019-07-14,5382.083333333333
2019-07-15,6724.25
2019-07-16,6796.666666666667
2019-07-17,6870.458333333333
2019-07-18,6970.583333333333
2019-07-19,6828.166666666667
2019-07-20,5967.666666666667
2019-07-21,5556.791666666667
2019-07-22,6945.791666666667
2019-07-23,7089.375
2019-07-24,7134.166666666667
2019-07-25,7253.708333333333
2019-07-26,7012.791666666667
2019-07-27,5977.541666666667
2019-07-28,5562.166666666667
2019-07-29,6779.833333333333
2019-07-30,6836.875
2019-07-31,6841.083333333333
2019-08-01,6709.125
2019-08-02,6677.416666666667
2019-08-03,5695.041666666667
2019-08-04,5145.666666666667
2019-08-05,6510.375
2019-08-06,6715.708333333333
2019-08-07,6814.041666666667
2019-08-08,6688.0
2019-08-09,6604.75
2019-08-10,5930.958333333333
2019-08-11,5419.625
2019-08-12,6849.791666666667
2019-08-13,6808.583333333333
2019-08-14,6550.625
2019-08-15,5476.333333333333
2019-08-16,6264.5
2019-08-17,5713.166666666667
2019-08-18,5420.125
2019-08-19,7137.25
2019-08-20,7299.75
2019-08-21,7233.958333333333
2019-08-22,7149.958333333333
2019-08-23,7074.291666666667
2019-08-24,6100.458333333333
2019-08-25,5615.583333333333
2019-08-26,7136.416666666667
2019-08-27,7252.5
2019-08-28,7324.5
2019-08-29,7401.916666666667
2019-08-30,7117.0
2019-08-31,6076.416666666667
2019-09-01,5639.875
2019-09-02,7252.375
2019-09-03,7001.416666666667
2019-09-04,6991.583333333333
2019-09-05,7197.583333333333
2019-09-06,7082.666666666667
2019-09-07,6129.208333333333
2019-09-08,5625.875
2019-09-09,7165.708333333333
2019-09-10,7031.916666666667
2019-09-11,7052.125
2019-09-12,7117.0
2019-09-13,6962.833333333333
2019-09-14,5917.791666666667
2019-09-15,5401.916666666667
2019-09-16,7057.791666666667
2019-09-17,7075.583333333333
2019-09-18,7006.0
2019-09-19,7112.625
2019-09-20,6936.083333333333
2019-09-21,5938.916666666667
2019-09-22,5609.291666666667
2019-09-23,7367.75
2019-09-24,7330.75
2019-09-25,7496.291666666667
2019-09-26,7326.25
2019-09-27,7123.083333333333
2019-09-28,6193.125
2019-09-29,5530.708333333333
2019-09-30,7167.208333333333
2019-10-01,7162.916666666667
2019-10-02,7554.458333333333
2019-10-03,7493.333333333333
2019-10-04,7234.083333333333
2019-10-05,6330.666666666667
2019-10-06,5801.708333333333
2019-10-07,7563.5
2019-10-08,7491.291666666667
2019-10-09,7581.166666666667
2019-10-10,7588.958333333333
2019-10-11,7253.125
2019-10-12,6104.833333333333
2019-10-13,5704.0
2019-10-14,7333.875
2019-10-15,7375.708333333333
2019-10-16,7418.833333333333
2019-10-17,7315.083333333333
2019-10-18,7198.5
2019-10-19,6278.166666666667
2019-10-20,5783.833333333333
2019-10-21,7318.458333333333
2019-10-22,7411.5
2019-10-23,7444.75
2019-10-24,7425.916666666667
2019-10-25,7173.291666666667
2019-10-26,5769.333333333333
2019-10-27,5705.083333333333
2019-10-28,7569.083333333333
2019-10-29,7785.75
2019-10-30,7911.625
2019-10-31,7845.416666666667
2019-11-01,6293.916666666667
2019-11-02,6397.583333333333
2019-11-03,6034.916666666667
2019-11-04,7469.0
2019-11-05,7906.416666666667
2019-11-06,7818.291666666667
2019-11-07,7800.291666666667
2019-11-08,7691.416666666667
2019-11-09,6962.416666666667
2019-11-10,6565.333333333333
2019-11-11,8138.541666666667
2019-11-12,8481.208333333334
2019-11-13,8640.166666666666
2019-11-14,8385.375
2019-11-15,7970.291666666667
2019-11-16,6894.625
2019-11-17,6402.0
2019-11-18,7945.875
2019-11-19,8102.75
2019-11-20,8239.125
2019-11-21,8088.291666666667
2019-11-22,7896.833333333333
2019-11-23,6884.583333333333
2019-11-24,6381.708333333333
2019-11-25,8004.041666666667
2019-11-26,8149.166666666667
2019-11-27,8293.125
2019-11-28,8215.166666666666
2019-11-29,8037.166666666667
2019-11-30,7446.708333333333
2019-12-01,6989.083333333333
2019-12-02,8753.833333333334
2019-12-03,9123.125
2019-12-04,8874.375
2019-12-05,8852.666666666666
2019-12-06,8672.875
2019-12-07,7540.5
2019-12-08,6829.666666666667
2019-12-09,8651.541666666666
2019-12-10,9005.0
2019-12-11,9218.625
2019-12-12,9385.208333333334
2019-12-13,8853.708333333334
2019-12-14,7578.708333333333
2019-12-15,7009.458333333333
2019-12-16,8433.625
2019-12-17,8350.041666666666
2019-12-18,8141.125
2019-12-19,8041.791666666667
2019-12-20,7451.416666666667
2019-12-21,6931.083333333333
2019-12-22,6527.375
2019-12-23,7082.666666666667
2019-12-24,6400.625
2019-12-25,6095.25
2019-12-26,6324.583333333333
2019-12-27,7017.75
2019-12-28,7045.583333333333
2019-12-29,6921.583333333333
2019-12-30,7354.958333333333
2019-12-31,6753.5
2020-01-01,6318.583333333333
2020-01-02,7276.0
2020-01-03,7537.541666666667
2020-01-04,7080.208333333333
2020-01-05,6697.375
2020-01-06,6801.5
2020-01-07,8390.625
2020-01-08,8485.916666666666
2020-01-09,8412.666666666666
2020-01-10,8349.208333333334
2020-01-11,7363.625
2020-01-12,7000.041666666667
2020-01-13,8577.458333333334
2020-01-14,8843.583333333334
2020-01-15,8870.958333333334
2020-01-16,8724.5
2020-01-17,8658.666666666666
2020-01-18,7725.041666666667
2020-01-19,7240.5
2020-01-20,8815.458333333334
2020-01-21,8859.375
2020-01-22,8798.75
2020-01-23,8687.791666666666
2020-01-24,8641.916666666666
2020-01-25,7562.083333333333
2020-01-26,7070.375
2020-01-27,8491.416666666666
2020-01-28,8656.5
2020-01-29,8693.25
2020-01-30,8484.708333333334
2020-01-31,8112.416666666667
2020-02-01,6815.458333333333
2020-02-02,6460.416666666667
2020-02-03,8132.458333333333
2020-02-04,8420.833333333334
2020-02-05,8586.708333333334
2020-02-06,8563.875
2020-02-07,8335.166666666666
2020-02-08,7248.583333333333
2020-02-09,6726.375
2020-02-10,8199.541666666666
2020-02-11,8375.666666666666
2020-02-12,8472.125
2020-02-13,8401.083333333334
2020-02-14,8183.375
2020-02-15,6974.75
2020-02-16,6617.041666666667
2020-02-17,7968.0
2020-02-18,8073.958333333333
2020-02-19,8403.833333333334
2020-02-20,8299.666666666666
2020-02-21,8115.583333333333
2020-02-22,6897.083333333333
2020-02-23,6528.125
2020-02-24,8007.333333333333
2020-02-25,8043.0
2020-02-26,8430.208333333334
2020-02-27,8288.041666666666
2020-02-28,8285.833333333334
2020-02-29,7183.708333333333
2020-03-01,6594.916666666667
2020-03-02,7940.125
2020-03-03,8257.125
2020-03-04,8197.583333333334
2020-03-05,8142.625
2020-03-06,8119.166666666667
2020-03-07,7039.5
2020-03-08,6415.208333333333
2020-03-09,8102.333333333333
2020-03-10,8189.208333333333
2020-03-11,8004.791666666667
2020-03-12,7746.875
2020-03-13,7758.708333333333
2020-03-14,6657.958333333333
2020-03-15,6107.708333333333
2020-03-16,7207.083333333333
2020-03-17,7209.416666666667
2020-03-18,6938.166666666667
2020-03-19,6807.083333333333
2020-03-20,6536.041666666667
2020-03-21,6297.5
2020-03-22,5968.75
2020-03-23,7113.125
2020-03-24,7215.125
2020-03-25,7308.0
2020-03-26,7308.5
2020-03-27,6706.708333333333
2020-03-28,5816.666666666667
2020-03-29,5694.75
2020-03-30,7046.416666666667
2020-03-31,7106.5
2020-04-01,6942.333333333333
2020-04-02,6792.625
2020-04-03,6569.958333333333
2020-04-04,5773.833333333333
2020-04-05,5401.583333333333
2020-04-06,6414.541666666667
2020-04-07,6364.208333333333
2020-04-08,6283.458333333333
2020-04-09,6222.958333333333
2020-04-10,5832.458333333333
2020-04-11,5108.458333333333
2020-04-12,4720.291666666667
2020-04-13,5024.208333333333
2020-04-14,6390.0
2020-04-15,6439.166666666667
2020-04-16,6353.333333333333
2020-04-17,6093.083333333333
2020-04-18,5310.125
2020-04-19,5235.583333333333
2020-04-20,6363.541666666667
2020-04-21,6431.083333333333
2020-04-22,6406.083333333333
2020-04-23,6392.458333333333
2020-04-24,6179.625
2020-04-25,5343.75
2020-04-26,5037.541666666667
2020-04-27,6325.125
2020-04-28,6360.083333333333
2020-04-29,6644.583333333333
2020-04-30,6305.833333333333
2020-05-01,5251.541666666667
2020-05-02,5360.083333333333
2020-05-03,5069.333333333333
2020-05-04,6439.833333333333
2020-05-05,6776.416666666667
2020-05-06,6524.041666666667
2020-05-07,6379.958333333333
2020-05-08,6153.541666666667
2020-05-09,5351.666666666667
2020-05-10,5059.541666666667
2020-05-11,6558.958333333333
2020-05-12,6667.041666666667
2020-05-13,6677.083333333333
2020-05-14,6768.5
2020-05-15,6850.041666666667
2020-05-16,5599.916666666667
2020-05-17,5141.208333333333
2020-05-18,6421.25
2020-05-19,6712.166666666667
2020-05-20,6681.5
2020-05-21,5336.5
2020-05-22,5919.541666666667
2020-05-23,5485.25
2020-05-24,5045.166666666667
2020-05-25,6720.5
2020-05-26,6863.041666666667
2020-05-27,6671.208333333333
2020-05-28,6868.708333333333
2020-05-29,6572.375
2020-05-30,5695.458333333333
2020-05-31,5369.041666666667
2020-06-01,5120.125
2020-06-02,6495.458333333333
2020-06-03,6647.958333333333
2020-06-04,6742.666666666667
2020-06-05,6603.083333333333
2020-06-06,5524.166666666667
2020-06-07,5206.791666666667
2020-06-08,6705.458333333333
2020-06-09,6862.625
2020-06-10,6892.166666666667
2020-06-11,5283.666666666667
2020-06-12,5839.958333333333
2020-06-13,5345.166666666667
2020-06-14,5171.5
2020-06-15,6804.666666666667
2020-06-16,6790.916666666667
2020-06-17,6781.0
2020-06-18,6763.375
2020-06-19,6576.916666666667
2020-06-20,5715.291666666667
2020-06-21,5396.541666666667
2020-06-22,6736.958333333333
2020-06-23,6711.0
2020-06-24,6744.333333333333
2020-06-25,6877.375
2020-06-26,6593.333333333333
2020-06-27,5692.166666666667
2020-06-28,5348.458333333333
2020-06-29,6976.541666666667
2020-06-30,6855.416666666667
2020-07-01,7053.916666666667
2020-07-02,7021.083333333333
2020-07-03,6739.0
2020-07-04,5686.625
2020-07-05,5306.708333333333
2020-07-06,6963.75
2020-07-07,6713.0
2020-07-08,6757.25
2020-07-09,6833.833333333333
2020-07-10,6732.666666666667
2020-07-11,5892.208333333333
2020-07-12,5215.666666666667
2020-07-13,6562.916666666667
2020-07-14,6646.875
2020-07-15,6849.583333333333
2020-07-16,6894.583333333333
2020-07-17,6613.083333333333
2020-07-18,5759.416666666667
2020-07-19,5320.125
2020-07-20,6760.583333333333
2020-07-21,6935.0
2020-07-22,6934.833333333333
2020-07-23,6885.875
2020-07-24,6700.25
2020-07-25,5687.416666666667
2020-07-26,5297.0
2020-07-27,6493.375
2020-07-28,6743.041666666667
2020-07-29,6740.166666666667
2020-07-30,6647.041666666667
2020-07-31,6463.708333333333
2020-08-01,5332.583333333333
2020-08-02,5023.916666666667
2020-08-03,6462.583333333333
2020-08-04,6556.875
2020-08-05,6470.0
2020-08-06,6412.875
2020-08-07,6308.125
2020-08-08,5393.75
2020-08-09,5087.875
2020-08-10,6380.458333333333
2020-08-11,6461.708333333333
2020-08-12,6611.833333333333
2020-08-13,6637.458333333333
2020-08-14,6469.541666666667
2020-08-15,5114.208333333333
2020-08-16,5120.0
2020-08-17,6613.791666666667
2020-08-18,6614.5
2020-08-19,6673.625
2020-08-20,6598.208333333333
2020-08-21,6380.375
2020-08-22,5446.416666666667
2020-08-23,5237.041666666667
2020-08-24,6538.541666666667
2020-08-25,6506.083333333333
2020-08-26,6635.083333333333
2020-08-27,6646.833333333333
2020-08-28,6575.875
2020-08-29,5537.0
2020-08-30,5280.916666666667
2020-08-31,6640.75
2020-09-01,6754.208333333333
2020-09-02,6654.708333333333
2020-09-03,6608.75
2020-09-04,6474.916666666667
2020-09-05,5677.333333333333
2020-09-06,5383.958333333333
2020-09-07,6755.625
2020-09-08,6650.791666666667
2020-09-09,6616.666666666667
2020-09-10,6681.0
2020-09-11,6548.458333333333
2020-09-12,5584.083333333333
2020-09-13,5304.833333333333
2020-09-14,6689.875
2020-09-15,6757.958333333333
2020-09-16,6843.625
2020-09-17,6880.333333333333
2020-09-18,6710.125
2020-09-19,5629.791666666667
2020-09-20,5256.625
2020-09-21,6741.083333333333
2020-09-22,6811.041666666667
2020-09-23,6906.916666666667
2020-09-24,6888.083333333333
2020-09-25,6774.333333333333
2020-09-26,5860.166666666667
2020-09-27,5432.291666666667
2020-09-28,6997.666666666667
2020-09-29,6957.625
2020-09-30,6944.041666666667
